{
    "num_leaves": 100,
    "max_depth": 13,
    "min_child_samples": 84,
    "learning_rate": 0.06268098768191473,
    "n_estimators": 899,
    "subsample": 0.8811005080325753,
    "colsample_bytree": 0.8440544103190658,
    "reg_alpha": 2.5743280324430304,
    "reg_lambda": 5.714691332865649
}