{
    "num_leaves": 72,
    "max_depth": 13,
    "min_child_samples": 24,
    "learning_rate": 0.031796383239346644,
    "n_estimators": 1865,
    "subsample": 0.8269184486022686,
    "colsample_bytree": 0.9973861440983516,
    "reg_alpha": 5.799115608068286,
    "reg_lambda": 7.651809982993177
}